,,,,,,,,,,,,,,,,,,,,,,,,,,,,,,,,,,,,,,,,,,,,,,,,,,,,,,,,,,,,,,,,,,,,,,,,,,,,,,,,,,,,,,,,,,,,T,T,T,,,,,,,,,,,,,,,,,,,,,,,,,,,,,,,,,,,,,,,
,,,,,,,,,,,,,,,,,,,,,,,,,,,,,,,,,,,,,,,,,,,,,,,,,,,,,,,,,,,,,,,,,,,,,,,,,,,,,,,,,,,,,,,,,,T,T,,,,T,T,,,,,,,,,,,,,,,,,,,,,,,,,,,,,,,,,,,,,
,,,,,,,,,,,,,,,,,,,,,,,,,,,,,,,,,,,,,,,,,,,,,,,,,,,,,,,,,,,,,,,,,,,,,,,,,,,,,,,,,,,,,,,,T,T,,,,,,,,T,T,,,,,,,,,,,,,,,,,,,,,,,,,,,,,,,,,,,
,,,,,,,,,,,,,,,,,,,,,,,,,,,,,,,,,,,,,,,,,,,,,,,,,,,,,,,,,,,,,,,,,,,,,,,,,,,,,,,,,,,,,,T,T,,,,,,,,,,,,T,T,,,,,,,,,,,,,,,,,,,,,,,,,,,,,,,,,
,,,,,,,,,,,,,,,,,,,,,,,,,,,,,,,,,,,,,,,,,,,,,,,,,,,,,,,,,,,,,,,,,,,,,,,,,,,,,,,,,,,T,T,T,,,,,,,,,,,,,,,,T,T,T,,,,,,,,,,,,,,,,,,,,,,,,,,,,,,
,,,,,,,,,,,,,,,,,,,,,,,,,,,,,,,,,,,,,,,,,,,,,,,,,,,,,,,,,,,,,,,,,,,,,,,,,,,,,,,,,T,T,,,,,,,,,,,,,,,,,,,,,,T,,,,,,,,,,,,,,,,,,,,,,,,,,,,,
,,,,,,,,,,,,,,,,,,,,,,,,,,,,,,,,,,,,,,,,,,,,,,,,,,,,,,,,,,,,,,,,,,,,,,,,,,,,,,,T,T,,,,,,,,,,,,,O0,,,,,,,,,,,,T,,,,,,,,,,,,,,,,,,,,,,,,,,,,
,,,,,,,,,,,,,,,,,,,,,,,,,,,,,,,,,,,,,,,,,,,,,,,,,,,,,,,,,,,,,,,,,,,,,,,,,,,,,T,T,,,,,,,,,,,,,,,,,,,,,,,,,,,,T,,,,,,,,,,,,,,,,,,,,,,,,,,,
,,,,,,,,,,,,,,,,,,,,,,,,,,,,,,,,,,,,,,,,,,,,,,,,,,,,,,,,,,,,,,,,,,,,,,,,,,,,T,,,,,,,,,,,,,,,,,,,,,,,,,,,,,,T,,,,,,,,,,,,,,,,,,,,,,,,,,,
,,,,,,,,,,,,,,,,,,,,,,,,,,,,,,,,,,,,,,,,,,,,,,,,,,,,,,,,,,,,,,,,,,,,,,,,,,,T,,,,,,,O1,,,,,,,,,,,,,,,,,,,,,,,,,T,T,,,,,,,,,,,,,,,,,,,,,,,,,
,,,,,,,,,,,,,,,,,,,,,,,,,,,,,,,,,,,,,,,,,,,,,,,,,,,,,,,,,,,,,,,,,,,,,,,,,,T,,,,,,,,,,,,,,,T,T,,,,,,,,,,,,,,,,,,,T,,,,,,,,,,,,,,,,,,,,,,,,
,,,,,,,,,,,,,,,,,,,,,,,,,,,,,,,,,,,,,,,,,,,,,,,,,,,,,,,,,,,,,,,,,,,,,,,,T,T,,,,,,,,,,,,,,T,T,,,T,T,,,,,,,,,,O1,,,,,,,,T,,,,,,,,,,,,,,,,,,,,,,,
,,,,,,,,,,,,,,,,,,,,,,,,,,,,,,,,,,,,,,,,,,,,,,,,,,,,,,,,,,,,,,,,,,,,,,,T,,,,,,,,,,,,,T,T,T,,,,,,,T,T,T,,,,,,,,,,,,,,,,T,,,,,,,,,,,,,,,,,,,,,,
,,,,,,,,,,,,,,,,,,,,,,,,,,,,,,,,,,,,,,,,,,,,,,,,,,,,,,,,,,,,,,,,,,,,,,T,,,,,,,,,,,,T,T,,,,,,,,,,,,,T,T,,,,,,,,,,,,,,T,,,,,,,,,,,,,,,,,,,,,,
,,,,,,,,,,,,,,,,,,,,,,,,,,,,,,,,,,,,,,,,,,,,,,,,,,,,,,,,,,,,,,,,,,,,T,T,,,,,,O2,,,,,,T,,,,,,,,,,,,,,,,,T,,,,,,,,,,,,,,T,,,,,,,,,,,,,,,,,,,,,
,,,,,,,,,,,,,,,,,,,,,,,,,,,,,,,,,,,,,,,,,,,,,,,,,,,,,,,,,,,,,,,,,,,T,,,,,,,,,,,,,T,,,,,,,,,,,,,,,,,,,T,,,,,,,,,,,,,T,,,,,,,,,,,,,,,,,,,,,
,,,,,,,,,,,,,,,,,,,,,,,,,,,,,,,,,,,,,,,,,,,,,,,,,,,,,,,,,,,,,,,,,,,T,,,,,,,,,,,,T,,,,,,,,,,,,,,,,,,,,T,,,,,,,,,,,,,,T,,,,,,,,,,,,,,,,,,,,
,,,,,,,,,,,,,,,,,,,,,,,,,,,,,,,,,,,,,,,,,,,,,,,,,,,,,,,,,,,,,,,,,,T,,,,,,,,,,,,,T,,,,,,,,,,,,,,,,,,,,,T,,,,,,,,O1,,,,,T,,,,,,,,,,,,,,,,,,,,
,,,,,,,,,,,,,,,,,,,,,,,,,,,,,,,,,,,,,,,,,,,,,,,,,,,,,,,,,,,,,,,,,,T,,,,,,,,,,,T,T,,,,,,,,,,,,,,,,,,,,,,T,,,,,,,,,,,,,,T,,,,,,,,,,,,,,,,,,,
,,,,,,,,,,,,,,,,,,,,,,,,,,,,,,,,,,,,,,,,,,,,,,,,,,,,,,,,,,,,,,,,,T,,,,,,,,,,,T,,,,,,,,,,,,,,,,,,,,,,,,,T,,,,,,,,,,,,,T,,,,,,,,,,,,,,,,,,,
,,,,,,,,,,,,,,,,,,,,,,,,,,,,,,,,,,,,,,,,,,,,,,,,,,,,,,,,,,,,,,,,,T,,,,,,,,,,,T,,,,,,,,,,,,,,,,,,,,,,,,,T,,,,,,,,,,,,,,T,,,,,,,,,,,,,,,,,,
,,,,,,,,,,,,,,,,,,,,,,,,,,,,,,,,,,,,,,,,,,,,,,,,,,,,,,,,,,,,,,,,T,,,,,O2,,,,,,T,,,,,,,,,,,,,,,,,,,,,,,,,,,T,,,,,,,,,,,,,T,S,,,,,,,,,,,,,,,,,
,,,,,,,,,,,,,,,,,,,,,,,,,,,,,,,,,,,,,,,,,,,,,,,,,,,,,,,,,,,,,,,,T,,,,,,,,,,T,,,,,,,,,,,,,,,,,,,,,,,,,,,,T,S,,,,,,,,,,,,,S,,,,,,,,,,,,,,,,,
,,,,,,,,,,,,,,,,,,,,,,,,,,,,,,,,,,,,,,,,,,,,,,,,,,,,,,,,,,,,,,,T,,,,,,,,,,,T,,,,,,,,,,,,,,,,,,,,,,,,,,,,,S,,,,,,,,,,,,,S,,,,,,,,,,,,,,,,,
,,,,,,,,,,,,,,,,,,,,,,,,,,,,,,,,,,,,,,,,,,,,,,,,,,,,,,,,,,,,,,T,,,,,,,,,,,T,,,,,,,,,,,,,,,,,,,,,,,,,,,,,,S,,,,,,,,,,,,,S,,,,,,,,,,,,,,,,,
,,,,,,,,,,,,,,,,,,,,,,,,,,,,,,,,,,,,,,,,,,,,,,,,,,,,,,,,,,,,,T,,,,,,,,,,,T,,,,,,,,,,,,,,,,,,,,,,,,,,,,,,,S,,,,,,,O1,,,,,,S,,,,,,,,,,,,,,,,,
,,,,,,,,,,,,,,,,,,,,,,,,,,,,,,,,,,,,,,,,,,,,,,,,,,,,,,,,,,,,,T,,,,,,,,,,T,,,,,,,,,,,,,,,,,,,,,,,,,,,,,,,,S,,,,,,,,,,,,,S,,,,,,,,,,,,,,,,,
,,,,,,,,,,,,,,,,,,,,,,,,,,,,,,,,,,,,,,,,,,,,,,,,,,,,,,,,,,,,T,,,,,,,,,,,T,,,,,,,,,,,,,,,,,,,,,,,,,,,,,,,,S,,,,,,,,,,,,,S,,,,,,,,,,,,,,,,,
,,,,,,,,,,,,,,,,,,,,,,,,,,,,,,,,,,,,,,,,,,,,,,,,,,,,,,,,,,,,T,,,,,,,,,,T,,,,,,,,,,,,,,,,,,,,,,,,,,,,,,,,,S,,,,,,,,,,,,,S,,,,,,,,,,,,,,,,,
,,,,,,,,,,,,,,,,,,,,,,,,,,,,,,,,,,,,,,,,,,,,,,,,,,,,,,,S,S,S,S,S,T,,,,,O2,,,,,T,S,S,S,S,S,S,S,S,S,S,S,S,,,,,,,,,,,,,,,,,,,,,S,,,,,,,,,,,,,S,,,,,,,,,,,,,,,,,
,,,,,,,,,,,,,,,,,,,,,,,,,,,,,,,,,,,,,,,,,,,,,,,,,,,,,T,T,T,,,,,,,,,,,,,,,,,,,,,,,,,,,T,T,,,,,,,,,,,,,,,,,,,,S,,,,,,,,,,,,,S,,,,,,,,,,,,,,,,,
,,,,,,,,,,,,,,,,,,,,,,,,,,,,,,,,,,,,,,,,,,,,,,,,,,T,T,T,,,,,,,,,,,,,,,,,,,,,,,,,,,,,,,,T,T,,,,,,,,,,,,,,,,,,S,,,,,,,,,,,,,S,,,,,,,,,,,,,,,,,
,,,,,,,,,,,,,,,,,,,,,,,,,,,,,,,,,,,,,,,,,,,,,,,T,T,T,,,,,,,,,,,,,,,,,,,,,,,,,,,,,,,,,,,,,T,T,T,,,,,,,,,,,,,,,S,,,,,,,,,,,,,S,,,,,,,,,,,,,,,,,
,,,,,,,,,,,,,,,,,,,,,,,,,,,,,,,,,,,,,,,,,,,,T,T,T,,,,,,,,,,,,,,,,,,,,,,,,,,,,,,,,,,,,,,,,,,,T,T,,,,,,,,,,,,,S,,,,,,,,,,,,,S,,,,,,,,,,,,,,,,,
,,,,,,,,,,,,,,,,,,,,,,,,,,,,,,,,,,,,,,,,,,T,T,,,,,,,,,,,,,,,,,,,,,,,,,,,,,,,,,,,,,,,,,,,,,,,,T,,,,,,,,,,,,S,,,,,,,O2,,,,,,S,,,,,,,,,,,,,,,,,
,,,,,,,,,,,,,,,,,,,,,,,,,,,,,,,,,,,,,,,,T,T,,,,,,,,,,,,,,,,,O0,,,,,,,,,,,,,,,,,,O1,,,,,,,,,,,,,,,,T,,,,,,,,,,,S,,,,,,,,,,,,,S,,,,,,,,,,,,,,,,,
,,,,,,,,,,,,,,,,,,,,,,,,,,,,,,,,,,,,,,,T,,,,,,,,,,,,,,,,,,,,,,,,,,,,,,,,,,,,,,,,,,,,,,,,,,,,,,T,,,,,,,,,,S,,,,,,,,,,,,,S,,,,,,,,,,,,,,,,,
,,,,,,,,,,,,,,,,,,,,,,,,,,,,,,,,,,,,,,T,,,,,,,,,,,,,,,,,,,,,,,,,,,,,,,,,,,,,,,,,,,,,,,O0,,,,,,,,,T,T,,,,,,,,S,,,,,,,,,,,,,S,,,,,,,,,,,,,,,,,
,,,,,,,,,,,,,,,,,,,,,,,,,,,,,,,,,,,,,T,,,,,,,,,,,,O0,,,,,,,,,,,,,,,,,,,,,,,,,,,,,,,,,,,,,,,,,,,,,,,T,,,,,,,S,,,,,,,,,,,,,S,,,,,,,,,,,,,,,,,
,,,,,,,,,,,,,,,,,,,,,,,,,,,,,,,,,,,,T,,,,,,,,,,,,,,,,,,,,,,,,,,,,,,,,,,,,,,,,,,,,,,,,,,,,,,,,,,,,,T,,,,,,S,,,,,,,,,,,,,S,,,,,,,,,,,,,,,,,
,,,,,,,,,,,,,,,,,,,,,,,,,,,,,,,,,,S,T,,,,,,,,,,,,,,,,,,,,,,,,,,S,S,S,S,S,S,S,S,S,S,S,S,S,S,S,S,S,,,,,,,,,,,,,,,,,,,,,T,,,,,S,,,,,,,,,,,,,S,,,,,,,,,,,,,,,,,
,,,,,,,,,,,,,,,,,,,,,,,,,,,,,,,,,,S,,,,,,,,,,,,,,,,,,,,,,,,,T,T,T,,,,,,,,,,,,,,,,T,T,,,,,,,,,,,,,,,,,,,,,T,,,,S,,,,,,,O2,,,,,,S,,,,,,,,,,,,,,,,,
,,,,,,,,,,,,,,,,,,,,,,,,,,,,,,,,,,S,,,,,,,,,,,,,,,,,,,,,,,T,T,,,,,,,,,,,,,,,,,,,,,T,T,,,,,,,,,,O0,,,,,,,,,T,,,,S,,,,,,,,,,,,,S,,,,,,,,,,,,,,,,,
,,,,,,,,,,,,,,,,,,,,,,,,,,,,,,,,,,S,,,,,,,,,O0,,,,,,,,,,,,T,T,,,,,,,,,,,,,,,,,,,,,,,,,T,T,,,,,,,,,,,,,,,,,,T,,,S,,,,,,,,,,,,,S,,,,,,,,,,,,,,,,,
,,,,,,,,,,,,,,,,,,,,,,,,,,,,,,,,,,S,,,,,,,,,,,,,,,,,,,T,T,,,,,,,,,,,,,,,,,,,,,,,,,,,,,T,,,,,,,,,,,,,,,,,T,,,S,,,,,,,,,,,,,S,,,,,,,,,,,,,,,,,
,,,,,,,,,,,,,,,,,,,,,,,,,,,,,,,,,,S,,,,,,,,,,,,,,,,,T,T,,,,,,,,,,,,,,,,,,,,,,,,,,,,,,,,T,,,,,,,,,,,,,,,,,T,,S,,,,,,,,,,,,,S,,,,,,,,,,,,,,,,,
,,,,,,,,,,,,,,,,,,,,,,,,,,,,,,,,,,S,,,,,,,,,,,,,,,,T,,,,,,,,,,,,,,,,,,,,,,,,,,,,,,,,,,,T,,,,,,,,,,,,,,,,T,,S,,,,,,,,,,,,,S,,,,,,,,,,,,,,,,,
,,,,,,,,,,,,,,,,,,,,,,,,,,,,,,,,,,S,,,,,,,,,,,,,,,T,T,,,,,,,,,,,,,,,,,,,,,,,,,,,,,,,,,,,,T,,,,,,,,,O0,,,,,,,T,S,,,,,,,,,,,,,S,,,,,,,,,,,,,,,,,
,,,,,,,,,,,,,,,,,,,,,,,,,,,,,,,,,,S,,,,,,,,,,,,,,,,,,,,,,,,,,,,,,,,,,,,,,,,,,,,,,,,,,,,,T,,,,,,,,,,,,,,,T,S,,,,,,,,,,,,,S,,,,,,,,,,,,,,,,,
,,,,,,,,,,,,,,,,,,,,,,,,,,,,,,,,,,S,,,,,,,,,,,,,,,,,,,,,,,,,,,,,,,,,,,,,,,,,,,,,,,,,,,,,T,,,,,,,,,,,,,,,,S,,,,,,,O2,,,,,,S,,,,,,,,,,,,,,,,,
,,,,,,,,,,,,,,,,,,,,,,,,,,,,,,,,,,S,,,,,,,,,,,,,,,,,,,,,,,,,,,,,,,,,,,,,,,,,,,,,,,,,,,,,,T,,,,,,,,,,,,,,,S,,,,,,,,,,,,,S,,,,,,,,,,,,,,,,,
,,,,,,,,,,,,,,,,,,,,,,,,,,,,,,,,,,S,,,,,,,,,,,,T,S,S,S,S,S,S,S,S,S,S,S,S,S,S,S,S,S,S,S,S,S,S,S,S,S,S,,,,,,,,,,,,,,,,T,,,,,,,,,,,,,,,S,,,,,,,,,,,,,S,,,,,,,,,,,,,,,,,
,,,,,,,,,,,,,,,,,,,,,,,,,,,,,,,,,,S,,,,,,,,,,,,S,,,,,,,,,,,,,,,,,,,,,,,,,,T,T,,,,,,,,,,,,,,,,T,,,,,,,,,,,,,,S,,,,,,,,,,,,,S,,,,,,,,,,,,,,,,,
,,,,,,,,,,,,,,,,,,,,,,,,,,,,,,,,,,S,,,,,,,,,,,,S,,,,,,,,,,,,,,,,,,,,,,,,,,,T,,,,,,,,,,,,,,,,T,,,,,,,,O0,,,,,,S,,,,,,,,,,,,,S,,,,,,,,,,,,,,,,,
,,,,,,,,,,,,,,,,,,,,,,,,,,,,,,,,,,S,,,,,,,O1,,,,,S,,,,,,,,,,,,,,,,,,,,,,,,,,,,T,,,,,,,,,,,,,,,,S,,,,,,,,,,,,,S,,,,,,,,,,,,,S,,,,,,,,,,,,,,,,,
,,,,,,,,,,,,,,,,,,,,,,,,,,,,,,,,,,S,,,,,,,,,,,,S,,,,,,,,,,,,,,,,,,,,,,,,,,,,T,S,,,,,,,,,,,,,,,S,,,,,,,,,,,,,S,,,,,,,,,,,,,S,,,,,,,,,,,,,,,,,
,,,,,,,,,,,,,,,,,,,,,,,,,,,,,,,,,,S,,,,,,,,,,,,S,,,,,,,,,,,,,,,,,,,,,,,,,,,,,S,,,,,,,,,,,,,,,S,,,,,,,,,,,,,S,,,,,,,,,,,,,S,,,,,,,,,,,,,,,,,
,,,,,,,,,,,,,,,,,,,,,,,,,,,,,,,,,,S,,,,,,,,,,,,S,,,,,,,,,,,,,,,,,,,,,,,,,,,,,S,,,,,,,,,,,,,,,S,,,,,,,,,,,,,S,,,,,,,O2,,,,,,S,,,,,,,,,,,,,,,,,
,,,,,,,,,,,,,,,,,,,,,,,,,,,,,,,,,,S,,,,,,,,,,,,S,,,,,,,,,,,,,,,,,,,,,,,,,,,,,S,,,,,,,,,,,,,,,S,,,,,,,,,,,,,S,,,,,,,,,,,,,S,,,,,,,,,,,,,,,,,
,,,,,,,,,,,,,,,,,,,,,,,,,,,,,,,,,,S,,,,,,,,,,,,S,,,,,,,,,,,,,,,,,,,,,,,,,,,,,S,,,,,,,,,,,,,,,S,,,,,,,,,,,,,S,,,,,,,,,,,,,S,,,,,,,,,,,,,,,,,
,,,,,,,,,,,,,,,,,,,,,,,,,,,,,,,,,,S,,,,,,,,,,,,S,,,,,,,,,,,,,,,,,,,,,,,,,,,,,S,,,,,,,,,,,,,,,S,,,,,,,O0,,,,,,S,,,,,,,,,,,,,S,,,,,,,,,,,,,,,,,
,,,,,,,,,,,,,,,,,,,,,,,,,,,,,,,,,,S,,,,,,,,,,,,S,,,,,,,,,,,,,,,,,,,,,,,,,,,,,S,,,,,,,,,,,,,,,S,,,,,,,,,,,,,S,,,,,,,,,,,,,S,,,,,,,,,,,,,,,,,
,,,,,,,,,,,,,,,,,,,,,,,,,,,,,,,,,,S,,,,,,,O1,,,,,S,,,,,,,,,,,,,,,,,,,,,,,,,,,,,S,,,,,,,,,,,,,,,S,,,,,,,,,,,,,S,,,,,,,,,,,,,S,,,,,,,,,,,,,,,,,
,,,,,,,,,,,,,,,,,,,,,,,,,,,,,,,,,,S,,,,,,,,,,,,S,,,,,,,,,,,,,,,,,,,,,,,,,,,,,S,,,,,,,,,,,,,,,S,,,,,,,,,,,,,S,,,,,,,,,,,,,S,,,,,,,,,,,,,,,,,
,,,,,,,,,,,,,,,,,,,,,,,,,,,,,,,,,,S,,,,,,,,,,,,S,,,,,,,,,,,,,,,,,,,,,,,,,,,,,S,,,,,,,,,,,,,,,S,,,,,,,,,,,,,S,,,,,,,,,,,,,S,,,,,,,,,,,,,,,,,
,,,,,,,,,,,,,,,,,,,,,,,,,,,,,,,,,,S,,,,,,,,,,,,S,,,,,,,,,,,,,,,,,,,,,,,,,,,,,S,,,,,,,,,,,,,,,S,,,,,,,,,,,,,S,,,,,,,,,,,,,S,,,,,,,,,,,,,,,,,
,,,,,,,,,,,,,,,,,,,,,,,,,,,,,,,,,,S,,,,,,,,,,,,S,,,,,,,,,,,,,,,,,,,,,,,,,,,,,S,,,,,,,,,,,,,,,S,,,,,,,,,,,,,S,,,,,,,O2,,,,,,S,,,,,,,,,,,,,,,,,
,,,,,,,,,,,,,,,,,,,,,,,,,,,,,,,,,,S,,,,,,,,,,,,S,,,,,,,,,,,,,,,,,,,,,,,,,,,,,S,,,,,,,,,,,,,,,S,,,,,,,,,,,,,S,,,,,,,,,,,,,S,,,,,,,,,,,,,,,,,
,,,,,,,,,,,,,,,,,,,,,,,,,,,,,,,,,,S,,,,,,,,,,,,S,,,,,,,,,,,,,,,,,,,,,,,,,,,,,S,,,,,,,,,,,,,,,S,,,,,,,O0,,,,,,S,,,,,,,,,,,,,S,,,,,,,,,,,,,,,,,
,,,,,,,,,,,,,,,,,,,,,,,,,,,,,,,,,,S,,,,,,,,,,,,S,,,,,,,,,,,,,,,,,,,,,,,,,,,,,S,,,,,,,,,,,,,,,S,,,,,,,,,,,,,S,,,,,,,,,,,,,S,,,,,,,,,,,,,,,,,
,,,,,,,,,,,,,,,,,,,,,,,,,,,,,,,,,,S,,,,,,,,,,,,S,,,,,,,,,,,,,,,,,,,,,,,,,,,,,S,,,,,,,,,,,,,,,S,,,,,,,,,,,,,S,,,,,,,,,,,,,S,,,,,,,,,,,,,,,,,
,,,,,,,,,,,,,,,,,,,,,,,,,,,,,,,,,,S,,,,,,,,,,,,S,,,,,,,,,,,,,,,,,,,,,,,,,,,,,S,,,,,,,,,,,,,,,S,,,,,,,,,,,,,S,,,,,,,,,,,,,S,,,,,,,,,,,,,,,,,
,,,,,,,,,,,,,,,,,,,,,,,,,,,,,,,,,T,,,,,,,,,,,,T,,,,,,,,,,,,,,,,,,,,,,,,,,,,,,S,,,,,,,,,,,,,,,,,,,,,,,,,,,,,,,,,,,,,,,,,S,,,,,,,,,,,,,,,,,
,,,,,,,,,,,,,,,,,,,,,,,,,,,,,,,,,T,,,,,,,,,,,,T,T,T,,,,,,,,,,,,,,,,,,,,,,,,,,,,S,,,,,,,,,,,,,,,,,,,,,,,,,,,,,,,,,,,,,,,,,S,,,,,,,,,,,,,,,,,
,,,,,,,,,,,,,,,,,,,,,,,,,,,,,,,,T,,,,,,,,,,,,,,,,T,T,,,,,,,,,,,,,,,,,,,,,,,,,,S,,,,,,,,,,,,,,,,,,,,,,O1,,,,,,,,,,,,O3,,,,,,,S,,,,,,,,,,,,,,,,,
,,,,,,,,,,,,,,,,,,,,,,,,,,,,,,,,T,,,,,,,,,,,,,,,,,,T,T,,,,,,,,,,,,,,,,,,,,,,,,S,,,,,,,,,,,,,,,,,,,,,,,,,,,,,,,,,,,,,,,,,S,,,,,,,,,,,,,,,,,
,,,,,,,,,,,,,,,,,,,,,,,,,,,,,,,T,,,,,,,,,,,,O2,,,,,,,,,T,,,,,,,,,,,,,,,,,,,,,,,S,,,,,,,,,,,,,,,,,,,,,,,,,,,,,,,,,,,,,,,,,S,,,,,,,,,,,,,,,,,
,,,,,,,,,,,,,,,,,,,,,,,,,,,,,,,T,,,,,,,,,,,,,,,,,,,,,,T,,,,,,,,,,,,,,,,,,,,,,S,T,,,,,,,,,,O2,,,,,,,,,,,,,,,,,,,,,,,,,,,,,T,S,,,,,,,,,,,,,,,,,
,,,,,,,,,,,,,,,,,,,,,,,,,,,,,,T,,,,,,,,,,,,,,,,,,,,,,,,T,,,,,,,,,,,,,,,,,,,,,,,T,,,,,,,,,,,,,,,,,,,,,,,,,,,,,,,,,,,,,T,,,,,,,,,,,,,,,,,,,
,,,,,,,,,,,,,,,,,,,,,,,,,,,,,,T,,,,,O1,,,,,,,,,,,,,,,,,,,T,,,,,,,,,,,,,,,,,,,,,,,,T,,,,,,,,,,,,,,,,,,,,,,,,,,,,,,,,,,,T,,,,,,,,,,,,,,,,,,,,
,,,,,,,,,,,,,,,,,,,,,,,,,,,,,T,,,,,,,,,,,,T,,,,,,,,,,,,,,T,,,,,,,,,,,,,,,,,,,,,,,,T,T,,,,,,,,,,,,,,,,,,,,,,,,,,,,,,,T,T,,,,,,,,,,,,,,,,,,,,,
,,,,,,,,,,,,,,,,,,,,,,,,,,,,T,,,,,,,,,,,,T,,T,,,,,,,,,,,,,,T,,,,,,,,,,,,,,,,,,,,,,,,,T,T,,,,,,,,,,,,,,,O0,,,,,,,,,,,,T,T,,,,,,,,,,,,,,,,,,,,,,,
,,,,,,,,,,,,,,,,,,,,,,,,,,,T,,,,,,,,,,,,T,,,T,,,,,,,,O1,,,,,,,T,,,,,,,,,,,,,,,,,,,,,,,,,,T,T,,,,,,,,,,,,,,,,,,,,,,,T,T,,,,,,,,,,,,,,,,,,,,,,,,,
,,,,,,,,,,,,,,,,,,,,,,,,,,T,,,,,,,,,,,,T,,,,,T,,,,,,,,,,,,,,,T,,,,,,,,,,,,,,,,,,,,,,,,,,,T,T,,,,,,,,,,,,,,,,,,,T,T,,,,,,,,,,,,,,,,,,,,,,,,,,,
,,,,,,,,,,,,,,,,,,,,,,,,,,T,,,,,,,,,,,,T,,,,,,T,,,,,,,,,,,,,,T,,,,,,,,,,,,,,,,,,,,,,,,,,,,,T,S,,,,,,,,,,,,,,,S,T,,,,,,,,,,,,,,,,,,,,,,,,,,,,,
,,,,,,,,,,,,,,,,,,,,,,,,,T,,,,,,,O1,,,,,T,,,,,,,,T,,,,,,,,,,,,,,T,,,,,,,,,,,,,,,,,,,,,,,,,,,,,,S,,,,,,,,,,,,,,S,,,,,,,,,,,,,,,,,,,,,,,,,,,,,,
,,,,,,,,,,,,,,,,,,,,,,,,,T,,,,,,,,,,,,T,,,,,,,,T,,,,,,,,,,,,,,T,,,,,,,,,,,,,,,,,,,,,,,,,,,,,,S,,,,,,,,,,,,,,S,,,,,,,,,,,,,,,,,,,,,,,,,,,,,,
,,,,,,,,,,,,,,,,,,,,,,,,T,,,,,,,,,,,,T,,,,,,,,,,T,,,,,,,,,,,,,,T,,,,,,,,,,,,,,,,,,,,,,,,,,,,,S,,,,,,,,,,,,,,S,,,,,,,,,,,,,,,,,,,,,,,,,,,,,,
,,,,,,,,,,,,,,,,,,,,,,,T,,,,,,,,,,,,T,,,,,,,,,,,T,,,,,O1,,,,,,,,,T,,,,,,,,,,,,,,,,,,,,,,,,,,,,,S,,,,,,,,O1,,,,,,S,T,,,,,,,,,,,,,,,,,,,,,,,,,,,,,
,,,,,,,,,,,,,,,,,,,,,,T,,,,,,,,,,,,T,,,,,,,,,,,T,,,,,,,,,,,,,,T,,,,,,,,,,,,,,,,,,,,,,,,,,,,,,S,,,,,,,,,,,,,,,T,T,,,,,,,,,,,,,,,,,,,,,,,,,,,,
,,,,,,,,,,,,,,,,,,,,,T,,,,,,,,,,,,T,,,,,,,,,,,,T,,,,,,,,,,,,,,T,,,,,,,,,,,,,,,,,,,,,,,,,,,,,,S,,,,,,,,,,,,,,,,,T,T,,,,,,,,,,,,,,,,,,,,,,,,,,
,,,,,,,,,,,,,,,,,,,,T,,,,,,,,,,,,T,,,,,,,,,,,,T,,,,,,,,,,,,,,T,,,,,,,,,,,,,,,,,,,,,,,,,,,,,,,S,,,,,,,,,,,,,,,,,,,T,T,T,,,,,,,,,,,,,,,,,,,,,,,
,,,,,,,,,,,,,,,,,,,S,T,,,,,,O0,,,,,,T,,,,,,,,,,,,T,,,,,,,,,,,,,,T,,,,,,,,,,,,,,,,,,,,,,,,,,,,,,,S,,,,,,,,,,,,,,,,,,,,,S,S,S,S,S,S,S,S,S,S,S,S,S,S,S,S,S,,,,,,,
,,,,,,,,,,,,,,,,,,,S,,,,,,,,,,,,S,S,,,,,,,,,,,T,,,,,,,,,,,,,,T,,,,,,,,,,,,,,,,,,,,,,,,,,,,,,,,S,,,,,,,,O0,,,,,,,,,,,,,,,,,,,,,,,,,,,,,T,T,,,,,,
,,,,,,,,,,,,,,,,,,,S,,,,,,,,,,,,S,,,,,,,,,,,T,,,,,,,,,,,,,,T,,,,,,,,,,,,,,,,,,,,,,,,,,,,,,,,,S,,,,,,,,O0,,,,,,,,,,,,,,,,,,,,,,,,,,,,,,,T,,,,,
,,,,,,,,,,,,,,,,,,,S,,,,,,,,,,,,S,,,,,,,,,,,T,,,,,,,,,,,,,T,,,,,,,,,,,,,,,,,,,,,,,,,,,,,,,,,,S,,,,,,,,O0,,,,,,,,,,,,,,,,,,,,,,,,,,,,,,,,T,,,,
,,,,,,,,,,,,,,,,,,,S,,,,,,,,,,,,S,,,,,,,,,,,T,,,,,,O1,,,,,T,T,,,,,,,,,,,,,,,,,,,,,,,,,,,,,,,,,,,S,,,,,,,,,,,,,,,,,,,,,,,,,,,,,,,,,,,,,,,,T,,,,
,,,,,,,,,,,,,,,,,,,S,,,,,,,O1,,,,,S,,,,,,,,,,,T,,,,,,,,,,T,,,,,,,,,,,,,,,,,,,,,,,,,,,,,,,,,,,,,S,,,,,,,,,,,,,,,,,,,,,,,,,,,,,,,,,O3,,,,,,,,T,,,
,,,,,,,,,,,,,,,,,,,S,,,,,,,,,,,,S,,,,,,,,,,,T,,,,,,,,,,T,,,,,,,,,,,,,,,,,,,,,,,,,,,,,,,,,,,,,S,,,,,,,,,,,,,,,,,,,,,,,,,,,,,,,,,,,,,,,,,,T,,
,,,,,,,,,,,,,,,,,,,S,,,,,,,,,,,,S,,,,,,,,,,T,,,,,,,,,,T,,,,,,,,,,,,,,,,,,,,,,,,,,,,,,,,,,,,,,S,,,,,,,,,,,,,,,,,,,O0,O0,,,,,,,,,,,,,,,,,,,,,,,T,
,,,,,,,,,,,,,,,,,,,S,,,,,,,,,,,,S,,,,,,,,,,T,,,,,,,,,,T,,,,,,,,,,,,,,,,,,,,,,,,,,,,,,,,,,,,,,S,,,,,,,,,,,,,,,,,,,,,,,,,,,,,,,O0,,,,,,,,,,,,T,T
,,,,,,,,,,,,,,,,,,,S,,,,,,,,,,,,S,T,,,,,,,,T,,,,,,,,,,T,,,,,,,,,,,,,,,,S,S,S,S,S,S,S,S,S,S,S,S,S,S,S,S,S,,,,,,,S,,,,,,,,,O2,,,,,,,,,,,,,,,,,,,,,,,,,,,,,,,,,,,S
,,,,,,,,,,,,,,,,,,,S,,,,,,,,,,,,,T,,,,,,,,T,,,,,,,,,,T,,,,,,,,,,,,,,T,T,T,,,,,,,,,,,,,,,,T,T,,,,,,T,T,,,,,,,,,,,,,,,,,,,,,,,,,,,,,,,,,,,,,,,,,,,S
,,,,,,,,,,,,,,,,,,,S,,,,,,,,,,,,,,T,,,,,,T,,,,,,,,,,T,,,,,,,,,,,,,,T,,,,,,,,,,,,,,,,,,,,,T,T,,,,,,T,,,,,,,,,,,,,,,,,,,,,,,,,,,,,,,,,,,,,,,,,,S
,,,,,,,,,,,,,,,,,,,S,,,,,,,O1,,,,,,,T,,,,,,T,,,,,,O0,,,,T,,,,,,,,,,,,T,T,,,,,,,,,,,,,,,,,,,,,,,,T,T,,,,,T,T,,,,,,,,,,,,,,,,,,,,,,,,,,,,,,,,O0,,,,,,,,S
,,,,,,,,,,,,,,,,,,,S,,,,,,,,,,,,,,,T,,,,,,T,,,,,,,,,,T,,,,,,,,,T,T,,,,,,,,,,,,,,,,,,,,,,,,,,,,T,T,,,,,T,T,,,,,,,,,,,,,,,,,,,,,,,,,,,,,,,,,,,,,,S
,,,,,,,,,,,,,,,,,,,S,,,,,,,,,,,,,,,,T,,,,,T,,,,,,,,,,T,,,,,,,T,T,,,,,,,,,,,,,,,,,,,,,,,,,,,,,,,,T,T,,,,,S,S,S,S,S,S,S,S,S,S,S,S,S,S,S,,,,,,,,,,,,,,,,,,,,,,,S
,,,,,,,,,,,,,,,,,,,S,,,,,,,,,,,,,,,,,T,T,,,,T,,,,,,,,,,T,,,,T,T,,,,,,,,,,,,,,,,,,,,,,,,,,,,,,,,,,,,T,,,,,,,,,,,,,,,,,,T,T,T,,,,,,,,,,,,,,,,,,,,,S
,,,,,,,,,,,,,,,,,,,S,,,,,,,,,,,,,,,,,,,T,T,,T,,,,,,,,,,T,,T,T,,,,,,,,,,,O0,,O0,,O0,,,,,,,,O1,,,,,,,,,,,,,,,T,,,,,,,,,,,,,,,,,,,,,T,,,,,,,,,,,,,,,,,,,,S
,,,,,,,,,,,,,,,,,,,S,T,,,,,,,,,O0,,,,,,,,,,,T,,,,,,,,,,,,T,,,,,,,,,,,,,,,,,,,,,,,,,,,,,,,,,,,,,,,,,T,T,,,,,,,,,,,,,,,,,,,,T,,,,,,,O3,,,,,,,,,,,,S
,,,,,,,,,,,,,,,,,,,,T,,,,,,,,,,,,,,,,,,,,,,,,,,,,,,,,,,,,,,,,,,,,,,,,,,,,,,,,,,,,,,,,O1,,,,,,,,,,,T,T,,,,,,,,,,,,,,,,,,,T,T,,,,,,,,,,,,,,,,,S
,,,,,,,,,,,,,,,,,,,,T,,,,,,,,,,,,,,,,,,,,,,,,,,,,,,,,,,,,,,,,,,,,,,,,,,,,,,,,,,,,,,,,,,,,,,,,,,,,,T,T,,,,,,,,,,,,,,,,,,,T,,,,,,,,,,,,,,,,S
,,,,,,,,,,,,,,,,,,,,,T,,,,,,,,,,,,,,,,,,,,,,,,,,,,,,,,,,,,,,,,,,,,,,,,,,S,S,S,S,S,S,S,S,,,,,,,,,,,,,,,,,,,,,T,T,,,,,,,,,,,,,,,,,T,S,,,,,,,P0,,,,,,,,S
,,,,,,,,,,,,,,,,,,,,,T,,,,,,,,,,,,,,,,,,,,,,,,,,,,,,,,,,,,,O1,,,,,,,,,,,,T,T,,,,,,,T,,,,,,,,,,,O1,,,,,,,,,,,,T,T,,,,,,,,,,,,,,,,S,,,,,,,,,,,,,,,S
,,,,,,,,,,,,,,,,,,,,,,T,T,,,,,,,,,,,,,,,,,,,,,,,,,,,,,,,,,,,,,,,,,,,,,T,T,,,,,,,,,,T,,,,,,,,,,,O1,,,,,,,,,,,,,T,T,,,,,,,,,,,,,,S,,,,,,,,,,,,,,,S
,,,,,,,,,,,,,,,,,,,,,,,,T,T,,,,,,,,,,,,,O0,,,,,,,,,,O0,,,,,,,,,,,,,,,,,,T,T,,,,,,,,,,,,,T,,,,,,,,,,,O1,,,,,,,,,,,,,,T,T,,,,,,,,,,,,S,G,G,G,G,G,G,G,G,G,G,G,G,G,G,S
,,,,,,,,,,,,,,,,,,,,,,,,,,T,,,,,,,,,,,,,,,,,,,,,,,,,,,,,,,,,,,,,,T,T,,,,,,,,,,,,,,,T,,,,,,,,,,,,,,,,,,,,,,,,,,,T,T,,,,,,,,,,S,,,,,,,,,,,,,,,S
,,,,,,,,,,,,,,,,,,,,,,,,,,,T,,,,,,,,,,,,,,,,,,,,,,,,,,,,,,,,,,,T,T,,,,,,,,,,,,,,,,,,T,T,,,,,,,,,,,,,,,,,,,,,,,,,,,T,T,,,,,,,,S,,,,,,,,,,,,,,,S
,,,,,,,,,,,,,,,,,,,,,,,,,,,,T,T,,,,,,,,,,,,,,,,,,,,,,,,,,,,,,,,T,,,,,,,,,,,,,,,,,,,,,,T,T,,,,,,,,,,,,,,,,,,,,,,,,,,,T,T,T,,,,,S,,,,,,,,,,,,,,,S
,,,,,,,,,,,,,,,,,,,,,,,,,,,,,,T,T,,,,,,,,,,,,,,,,,,,,,,,,,,,,,T,,,,,,,,,,,,,,,,,,,,,,,,,T,T,,,,,,,,,,,,,,,,,,,,,,,,,,,,S,S,S,S,S,,,,,,,,,,,,,,,S
,,,,,,,,,,,,,,,,,,,,,,,,,,,,,,,,T,T,,,,,,,,,,,,,,,,,,,,,,,,,,T,,,,,,,,,,,,,,,,,,,,,,,,,,,,T,,,,,,,,,,,,,,,,,,,,,,,,,,,,,,,,,,,,,,,,,,,,,,S
,,,,,,,,,,,,,,,,,,,,,,,,,,,,,,,,,,T,,,,,,,,,,,,,,,,,,,,,,,T,T,,,,,,,,,,,,,,,,,,,,,,,,,,,,,,T,,,,,,,,,,,,,,,O2,,,,,,,,,,,,,,,,,,,,,,,,,,,,,,S
,,,,,,,,,,,,,,,,,,,,,,,,,,,,,,,,,,,T,T,,,,,,,,,,,,,,,,,,T,T,T,,,,,,,,,,,,,,,,,,,,,,,,,,,,,,,,,T,T,,,,,,,,,,,,,,,,,,,,,,,,,,,,,,,,,,,,,,,,,,,S
,,,,,,,,,,,,,,,,,,,,,,,,,,,,,,,,,,,,,S,S,S,S,S,,,,,,,,,,,,S,S,,,,,,,,,,,,,,,,,,,,,,,,,,,,,,,,,,,,,T,T,,,,,,,,,,,,,,,,,,,,,,,,,,,,,,,,,,,,,,,,T,S
,,,,,,,,,,,,,,,,,,,,,,,,,,,,,,,,,,,,,,,,,S,,,,,,,,,,,,S,,,,,,,,,,,,,,,,,,,,,,,,,,,,,,,,,,,,,,,,T,T,,,,,,,,,,,,,,,,,,,,,,,,,,,,,O0,,,,,,,,T,,
,,,,,,,,,,,,,,,,,,,,,,,,,,,,,,,,,,,,,,,,,S,,,,,,,,,,,,S,,,,,,,,,,,,,,,,,,,,,,,,,,,,,,,,,,,,,,,,,,T,T,,,,,,,,,,,,,,,,,,,,,,,,,,,,,,,,,,,T,,
,,,,,,,,,,,,,,,,,,,,,,,,,,,,,,,,,,,,,,,,,S,,,,,,,,,,,,S,S,S,S,S,S,S,S,S,S,S,S,S,S,S,S,S,S,S,S,S,S,S,S,S,S,S,S,S,S,S,S,S,S,S,S,S,S,S,S,S,S,S,S,,,,,,,,,,,,,,,,,,,,,,,,,,,,,,,,,,T,,,
,,,,,,,,,,,,,,,,,,,,,,,,,,,,,,,,,,,,,,,,,S,,,,,,,,,,,,,,,,,,,,,,,,,,,,,,,,,,,,,,,,,,,,,,,,,,,,,,,,,,,,,,,,,,,,,,,,,,,,,,,,,,,,,,,,,T,,,
,,,,,,,,,,,,,,,,,,,,,,,,,,,,,,,,,,,,,,,,,S,,,,,,,,,,,,,,,,,,,,,,,,,,,,,,,,,,,,,,,,,,,,,,,,,,,,,,,,,,,,,,,,,,,,,,,,,,,,,,,,,,,,,,,,T,,,,
,,,,,,,,,,,,,,,,,,,,,,,,,,,,,,,,,,,,,,,,,S,,,,,,,O0,,,,,,,,,,,,,,,,,,,,,O3,,,,,O3,,,,,,,,,,,,,,,,,,,,O2,,,,,,,,,,,,,,,,,,,,,,,,,,,,,,,,,,,T,,,,
,,,,,,,,,,,,,,,,,,,,,,,,,,,,,,,,,,,,,,,,,S,,,,,,,,,,,,,,,,,,,,,,,,,,,,,,,,,,,,,,,,,,,,,,,,,,,,,,,,,,,,,,,,,,,,,,,,,,,,,,,,,,,,,,,T,,,,,
,,,,,,,,,,,,,,,,,,,,,,,,,,,,,,,,,,,,,,,,,S,,,,,,,,,,,,,,,,,,,,,,,,,,,,,,,,,,,,,,,,,,,,,,,,,,,,,,,,,,,,,,,,,,,,,,,,,,,,,,,,,,,,T,T,T,,,,,,
,,,,,,,,,,,,,,,,,,,,,,,,,,,,,,,,,,,,,,,,,S,S,S,S,S,S,S,S,S,S,S,S,S,S,S,S,S,S,S,S,S,S,S,S,S,S,S,S,S,S,S,S,S,S,S,S,S,S,S,S,S,S,S,S,S,S,S,S,S,S,S,S,S,S,S,S,S,S,S,S,S,S,S,S,S,S,S,S,S,S,S,S,S,S,S,S,S,S,S,S,S,S,S,S,S,,,,,,,,